<?xml version="1.0" encoding="UTF-8"?>
<project-private xmlns="http://www.netbeans.org/ns/project-private/1">
    <editor-bookmarks xmlns="http://www.netbeans.org/ns/editor-bookmarks/2" lastBookmarkId="0"/>
    <open-files xmlns="http://www.netbeans.org/ns/projectui-open-files/2">
        <group>
            <file>file:/D:/Estudo/Ciência%20da%20Computação/Mestrado/Dissertação/PRP%202020-04/7%20-%20Official%20Info%20NOV20/Programas/Heurística%20VNS/src/schedule/SolutionBB.java</file>
            <file>file:/D:/Estudo/Ciência%20da%20Computação/Mestrado/Dissertação/PRP%202020-04/7%20-%20Official%20Info%20NOV20/Programas/Heurística%20VNS/src/prp/PRP.java</file>
            <file>file:/D:/Estudo/Ciência%20da%20Computação/Mestrado/Dissertação/PRP%202020-04/7%20-%20Official%20Info%20NOV20/Programas/Heurística%20VNS/src/algorithms/SI_BBT.java</file>
            <file>file:/D:/Estudo/Ciência%20da%20Computação/Mestrado/Dissertação/PRP%202020-04/7%20-%20Official%20Info%20NOV20/Programas/Heurística%20VNS/src/file/WriteSolution.java</file>
            <file>file:/D:/Estudo/Ciência%20da%20Computação/Mestrado/Dissertação/PRP%202020-04/7%20-%20Official%20Info%20NOV20/Programas/Heurística%20VNS/src/algorithms/VNS.java</file>
        </group>
    </open-files>
</project-private>
